original_order;base_d;full_d;base_e;base_p;verbformen;s1;s1e;s1p;Note;Tags
1;abhängen ...;abhängen von + D;depend on;وابسته بودن به;;Es hängt von dir ab, was wir machen.;It depends on you what we do.;این به تو بستگی دارد که چه کاری انجام دهیم.;;
2;abmelden …;abmelden bei + D;deregister from;لغو ثبت نام نزد شخص یا جایی;;Ich melde mich bei der Behörde ab;I am deregistering at the authority;من از اداره انصراف می‌دهم (ثبت‌نامم را لغو می‌کنم);Ich melde mich ... der Behörde ab;
3;abmelden …;abmelden von + D;deregister from;لغو ثبت نام از چیزی (انصراف دادن از چیزی);;Sie hat sich vom Deutschkurs abgemeldet.;She has deregistered from the German course.;او از دوره آلمانی انصراف داده است.;Sie hat sich ... Deutschkurs abgemeldet.;
4;abrechnen ...;abrechnen mit + D;settle with;تسویه حساب کردن با;;Ole rechnet die Kosten mit seiner Firma ab.;Ole settles the costs with his company.;اوله هزینه‌ها را با شرکتش تسویه کرد.;;
5;abschließen ...;abschließen mit + D;conclude with;پایان دادن به;;Wir schließen einen Vertrag mit dem Käufer ab.;We are concluding a contract with the buyer.;ما یک قرارداد را با خریدار به پایان می‌بریم.;;
6;abstimmen ...;abstimmen über + A;vote on;رای دادن به;;Wir stimmen über den neuen Plan ab;We are voting on the new plan;ما در مورد طرح جدید رأی‌گیری می‌کنیم.;;
7;achten ...;achten auf + A;pay attention to;توجه کردن به;;Achte besser auf deine Gesundheit!;Pay better attention to your health!;به سلامتی خودت بیشتر توجه کن!;;
8;anbieten ...;anbieten zu + D;offer to;پیشنهاد دادن به;;Ich biete dir mein Auto zum Kauf an.;I offer you my car for sale.;من ماشینم را برای فروش به تو پیشنهاد می‌کنم.;;
9;ändern ...;ändern an + D;change about;تغییر دادن در;;Das ändert nichts an der Situation!;That changes nothing about the situation!;این اوضاع را تغییر نمی‌دهد!;;
10;anfangen ...;anfangen mit + D;start with;شروع کردن با;;Wir fangen mit der Übung an;We are starting with the exercise; ما با تمرین شروع می‌کنیم.;;
11;ankommen ...;ankommen auf + A;depend on;بستگی داشتن به;;Jetzt kommt es auf dich an!;Now it's up to you!;حالا این به تو بستگی دارد!;;
12;anrufen ...;anrufen bei + D;call at;تماس گرفتن با;;Du musst noch beim Reisebüro anrufen.;You still need to call the travel agency.;تو هنوز باید با آژانس مسافرتی تماس بگیری.;;
13;ansehen ...;ansehen als + A;consider as;در نظر گرفتن به عنوان;;Er sieht mich als seinen Freund an.;He considers me as his friend.;او مرا به عنوان دوستش در نظر می‌گیرد.;;
14;anstellen ...;anstellen als + A;hire as;استخدام کردن به عنوان;;Sie wurde als Ingenieurin angestellt.;She was hired as an engineer.;او به عنوان مهندس استخدام شد.;;
15;antworten ...;antworten auf + A;answer to;پاسخ دادن به;;Antworte bitte auf meine Frage!;Please answer my question!;لطفاً به سوال من پاسخ دهید!;;
16;appellieren ...;appellieren an + A;appeal to;تقاضا کردن از;;Der Lehrer appelliert an die Studenten, mehr zu lernen;The teacher appeals to the students to study more.;معلم از دانشجویان تقاضا کرد که بیشتر درس بخوانند.;;
17;arbeiten ...;arbeiten bei + D;work at;کار کردن در;;Tina arbeitet bei einer Schuhfabrik.;Tina works at a shoe factory.;تینا در کارخانه کفش کار می‌کند.;Tina arbeitet ... einer Schuhfabrik.;
18;arbeiten ...;arbeiten an + D;work on;کار کردن روی;;Der Tischler arbeitet an einem Möbelstück.;The carpenter is working on a piece of furniture.;نجار روی یک قطعه مبلمان کار می‌کند.;Der Tischler arbeitet ... einem Möbelstück.;
19;auffordern ...;auffordern zu + D;ask to;دعوت کردن به;;Jim fordert Anna zum Tanz auf.;Jim asks Anna to dance.;جیم از آنا برای رقص دعوت کرده است.;;
20;aufhören ...;aufhören mit + D;stop with;توقف کردن در;;Ich höre mit dem Rauchen auf.;I am quitting smoking.;من دارم سیگار کشیدن را ترک می‌کنم.;;
21;aufklären ...;aufklären über + A;clarify about;روشنگری کردن درباره;;Die Polizei klärte die Bürger über den Fall auf.;The police clarified the case to the citizens.;پلیس وضعیت را برای شهروندان روشن کرد.;;
22;aufpassen ...;aufpassen auf + A;watch over;مراقبت کردن از;;Kannst du bitte auf mein Gepäck aufpassen?;Can you please watch my luggage?;می‌توانی لطفاً مراقب چمدان من باشی؟;;
23;aufwachen ...;aufwachen aus + D;wake up from;بیدار شدن از;;Er wachte aus einem tiefen Schlaf auf.;He woke up from a deep sleep.;او از خواب عمیقی بیدار شد.;;
24;ausfüllen ...;ausfüllen mit + D;fill out with;پر کردن با;;Meine Tage sind mit viel Arbeit ausgefüllt.;My days are filled with a lot of work.;روزهای من با کار زیاد پر شده‌اند.;;
25;ausgeben ...;ausgeben für + A;spend on;خرج کردن برای;;Viele Leute geben ihr Geld für ein Luxusauto aus.;Many people spend their money on a luxury car.;بسیاری از مردم پول خود را برای ماشین‌های لوکس خرج می‌کنند.;;
26;ausgehen ...;ausgehen von + D;assume ;فرض کردن;;Wir gehen von gutem Wetter aus.;We assume good weather.;ما فرض می‌کنیم هوا خوب است.;;
27;ausschließen ...;ausschließen aus + D;exclude from;اخراج شدن از;;Der Minister wurde aus der Partei ausgeschlossen.;The minister was expelled from the party.;وزیر از حزب اخراج شده است.;;
28;aussehen ...;aussehen nach + D;look like;به نظر رسیدن;;Es sieht nach einem Gewitter aus.;It looks like a thunderstorm.;به نظر می‌رسد طوفانی در راه است.;;
29;bedecken ...;bedecken mit + D;cover with;پوشاندن با;;Der Boden war mit Schnee bedeckt.;The ground was covered with snow.;زمین با برف پوشانده شده است.;;
30;befördern ...;befördern zu + D;promote to;ترفیع دادن به;;Herr Ulrich wurde zum Abteilungsleiter befördert.;Mr. Ulrich has been promoted to department head.;آقای اولریش به سرپرست بخش ترفیع یافته است.;;
31;befreien ...;befreien aus + D;free from;رهایی یافتن از;;Der Elefant wurde aus der Gefangenschaft befreit.;The elephant was freed from captivity.;فیل از اسارت رهایی یافته است.;;
32;beginnen ...;beginnen als + N;start as;شروع کردن به عنوان;;Herr Bär hat als einfacher Arbeiter begonnen.;Mr. Bär started as a simple worker.;آقای بر به عنوان کارگر ساده شروع کرده است.;;
33;beglückwünschen ...;beglückwünschen zu + D;congratulate on;تبریک گفتن برای;;Ich beglückwünsche Sie zu Ihrem Erfolg!;I congratulate you on your success!;من به شما برای موفقیتتان تبریک می‌گویم!;;
34;begründen ...;begründen mit + D;justify with;توجیه کردن با;;Lina begründet ihr Fehlen mit ihrer Krankheit.;Lina justifies her absence with her illness.;لینا غیبت خود را با بیماری توجیه می‌کند.;;
35;benutzen ...;benutzen für + A;use for;استفاده کردن برای;;Ich benutze den Computer für meine Hausaufgaben.;I use the computer for my homework.;من از کامپیوتر برای تکالیفم استفاده می‌کنم.;;
36;berichten ...;berichten über + A;report on;گزارش دادن درباره;;Die Zeitungen berichten über schwere Kämpfe.;The newspapers report about heavy fighting.;روزنامه‌ها درباره جنگ‌های سنگین گزارش دادند.;Die Zeitungen berichten ... schwere Kämpfe.;
37;berichten ...;berichten von + D;report from;گزارش از;;Warum hast du mir von deiner Reise nichts berichtet?;Why didn't you tell me about your trip?;چرا هیچ چیزی درباره سفرت به من نگفتی؟;Warum hast du mir ... deiner Reise nichts berichtet?;
38;bestehen …;bestehen auf + D;insist on;اصرار داشتن بر;;Ich bestehe auf einem korrekten Vertrag.;I insist on a proper contract.;من بر یک قرارداد درست اصرار دارم.;Ich bestehe ... einem korrekten Vertrag.;
39;bestehen …;bestehen aus + D;consist of;تشکیل شده از;;Das Dessert besteht aus einem Joghurt mit Obst.;The dessert consists of a yogurt with fruit.;دسر از یک ماست با میوه تشکیل شده است.;Das Dessert besteht ... einem Joghurt mit Obst.;
40;bestehen …;bestehen in + D;consist in;مشتمل بر;;Mein Job besteht in der Bearbeitung von Anträgen.;My job consists in processing applications.;کار من در پردازش درخواست‌ها است.;Mein Job besteht ... der Bearbeitung von Anträgen.;
41;bestellen ...;bestellen bei + D;order from;سفارش دادن به;;Er hat das Sofa bei einem Möbelhaus bestellt.;He ordered the sofa from a furniture store.;او کاناپه را از یک فروشگاه مبلمان سفارش داده است.;;
42;bestimmen ...;bestimmen über + A;decide about;تصمیم گرفتن برای;;Der Direktor bestimmt über die neuen Regeln.;The director decides on the new rules.;مدیر در مورد قوانین جدید تصمیم می‌گیرد.;;
43;bestrafen ...;bestrafen für + A;punish for;مجازات کردن برای;;Der Täter wurde für den Diebstahl bestraft.;The perpetrator was punished for the theft.;فرد خاطی برای دزدی مجازات شد.;;
44;beten ...;beten für + A;pray for;دعا کردن برای;;Wir beten für dich.;We pray for you.;ما برای تو دعا می‌کنیم.;Wir beten ... dich.;
45;beten ...;beten zu + D;pray to;دعا کردن به;;Viele Menschen beten in Not zu ihrem Gott.;Many people pray to their god in times of need.;بسیاری از مردم در مواقع نیاز به خدای خود دعا می‌کنند.;;
46;betrachten ...;betrachten als + A;consider as;تلقی کردن به عنوان;;Ich betrachte das als eine Lüge.;I consider that a lie.;من این را به عنوان یک دروغ تلقی می‌کنم.;;
47;betrügen ...;betrügen mit + D;cheat with;خیانت کردن با;;Ralf hat seine Frau mit ihrer Freundin betrogen.;Ralf cheated on his wife with her girl friend.;رالف با دوست‌دختر خود به همسرش خیانت کرده است.;;
48;bezeichnen ...;bezeichnen als + A;describe as;توصیف کردن به عنوان;;Der Chef bezeichnet ihn als seinen besten Mann.;The boss describes him as his best man.;رئیس او را به عنوان بهترین آدم خود توصیف کرده است.;;
49;bitten ...;bitten um + A;ask for;درخواست کردن برای;;Darf ich dich um Hilfe bitten?;May I ask you for help?;آیا می‌توانم از تو درخواست کمک کنم؟;;
50;bleiben ...;bleiben bei + D;stick to;پایبند بودن به;;Ich bleibe bei meiner Meinung.;I stick to my opinion.;من به نظر خودم پایبند هستم.;;
51;brauchen ...;brauchen für + A;need for;نیاز داشتن به;;Ich brauche dich für den Umzug.;I need you for the move.;من برای نقل مکان به تو نیاز دارم.;;
52;bringen ...;bringen um + A;deprive of;محروم کردن از;;Der Unfall brachte ihn um seine Zukunftschancen.;The accident deprived him of his future opportunities.;تصادف او را از فرصت‌های آینده‌اش محروم کرد.;;
53;danken ...;danken für + A;thank for;تشکر کردن برای;;Ich danke dir für deinen Tipp!;Thank you for your tip!;از تو برای راهنمایی‌ات تشکر می‌کنم!;;
54;denken ...;denken an + A;think of;فکر کردن به;;Denkt ihr an den Geburtstag von Oma?;Are you thinking of Grandma's birthday?;آیا به تولد مادربزرگ فکر می‌کنید؟;;
55;dienen ...;dienen zu + D;serve for;خدمت کردن به;;Das neue Benzin soll zum Umweltschutz dienen.;The new gasoline is intended to serve for the protection of the environment.;بنزین جدید قرار است در خدمت به حفاظت از محیط زیست باشد.;;
56;diskutieren …;diskutieren über + A;discuss about;بحث کردن درباره;;Die Politiker diskutieren über eine Reform.;The politicians discuss a reform.;سیاستمداران در مورد اصلاحات بحث می‌کنند.;Die Politiker diskutieren ... eine Reform.;
57;diskutieren …;diskutieren mit + D;discuss with;بحث با;;Ich diskutiere mit meinem Freund über Politik.;I discuss politics with my friend.;من در مورد سیاست با دوستم بحث می‌کنم.;Ich diskutiere ... meinem Freund ... Politik.;
58;einladen ...;einladen zu + D;invite to;دعوت کردن به;;Kann ich dich zum Essen einladen?;Can I invite you to dinner?;آیا می‌توانم تو را به شام دعوت کنم؟;;
59;einzahlen ...;einzahlen auf + A;deposit on;واریز کردن به;;Julia zahlt Geld auf ihr Konto ein.;Julia deposits money into her account.;یولیا پول را به حساب خود واریز می‌کند.;;
60;entstehen ...;entstehen aus + D;originate from;پدید آمدن از;;Wie ist aus dem Nichts der Kosmos entstanden?;How did the cosmos originated from nothing?;چگونه کیهان از هیچ پدید آمده است؟;;
61;erfahren ...;erfahren von + D;learn of;اطلاع یافتن از;;Ich habe vom Tod Ihres Mannes erfahren.;I learned of your husband's death.;از مرگ همسرتان با خبر شدم.;;
62;erkennen ...;erkennen an + D;recognize by;شناختن از;;Man erkennt ihn an seinen großen Ohren.;He is recognized by his big ears.;او را از گوش‌های بزرگش می‌شناسند.;;
63;ernennen ...;ernennen zu + D;appoint as;منصوب شدن به;;Er wurde zum Minister ernannt.;He was appointed as a minister.;او به عنوان وزیر منصوب شده است.;;
64;erschrecken ...;erschrecken über + A;be shocked by;شوکه شدن از;;Ich bin über das Foto erschrocken.;I was shocked by the photo.;از عکس شوکه شدم.;;
65;erwarten ...;erwarten von + D;expect from;انتظار داشتن از;;Das hätte ich von dir nicht erwartet!;I did not expect that from you!;چنین چیزی را از تو انتظار نداشتم!;;
66;erzählen ...;erzählen von + D;tell about;گفتن از;;Warum hat er von seiner Situation nichts erzählt?;Why did he not tell anything about his situation?;چرا او در مورد وضعیت خود چیزی نگفته است؟;Warum hat er ... seiner Situation nichts erzählt?;
67;erzählen ...;erzählen über + A;tell about;تعریف کردن از;;Erzähl mir etwas über dich!;Tell me something about yourself!;درباره خودت چیزی برایم تعریف کن!;Erzähl mir etwas ... dich!;
68;es bringen ...;es bringen auf + A;amount to;رسیدن به مجموع;;Zusammen bringen wir es auf neun Personen.;Together we make up nine people.;با هم مجموعاً به نه نفر می‌رسیم.;;
69;fehlen ...;fehlen an + D;lack in;کمبود داشتن در;;Dir fehlt es am Mut dazu!;You lack the courage for it!;تو شجاعت لازم برای این کار را کم داری!;;
70;festhalten ...;festhalten an + D;cling to;چنگ زدن به;;Der Mensch hält an seinen Gewohnheiten fest.;Humans cling to their habits.;انسان‌ها به عادات خود چسبیده‌اند.;;
71;fliehen ...;fliehen vor + D;flee from;فرار کردن از;;Die Menschen fliehen vor dem Feind.;The people are fleeing from the enemy.;مردم از دشمن فرار می‌کنند.;;
72;fragen ...;fragen nach + D;ask about;پرسیدن درباره;;Wir mussten nach der Adresse fragen.;We had to ask for the address.;ما مجبور بودیم که آدرس را بپرسیم.;Wir mussten ... der Adresse fragen.;
73;fragen …;fragen um + A;ask for;درخواست برای;;Kann ich dich um Rat fragen?;Can I ask you for advice?;آیا می‌توانم از تو مشورت بخواهم؟;Kann ich dich ... Rat fragen?;
74;führen ...;führen zu + D;lead to;منجر شدن به;;Die Krise führte zu einem negativen Geschäftsergebnis.;The crisis led to a negative business outcome.;بحران به نتیجه منفی کسب و کار منجر شد.;;
75;gehen ...;gehen um + A;be about;درباره بودن;;Hier geht es um das Prinzip.;This is about the principle.;این موضوع به اصول مربوط است.;;
76;gehören ...;gehören zu + D;belong to;تعلق داشتن به;;Österreich gehört zur Europäischen Union.;Austria belongs to the European Union.;اتریش عضو اتحادیه اروپا است.;;
77;gelten ...;gelten als + N;be considered as;شناخته شدن به عنوان;;Die Schweiz gilt als Paradies für Skifahrer.;Switzerland is considered a paradise for skiers.;سوئیس بهشت اسکی بازان به شمار می‌رود.;Die Schweiz gilt ... Paradies für Skifahrer.;
78;gelten ...;gelten für + A;valid for;معتبر برای;;Dieser Parkausweis gilt nur für die Innenstadt.;This parking permit is only valid for the downtown area.;این مجوز پارک فقط برای مرکز شهر معتبر است.;Dieser Parkausweis gilt nur ... die Innenstadt.;
79;geraten ...;geraten in + A;get into;گرفتار شدن در;;Karin ist in Schwierigkeiten geraten.;Karin has gotten into trouble.;کارین به دردسر افتاده است.;;
80;glauben ...;glauben an + A;believe in;باور داشتن به;;Wer glaubt hier noch an die Wahrheit?;Who still believes in the truth here?;چه کسی هنوز اینجا به حقیقت باور دارد؟;;
81;gratulieren ...;gratulieren zu + D;congratulate on;تبریک گفتن برای;;Ich gratuliere dir zu deinem Examen!;I congratulate you on your exam!;من به خاطر امتحانت تبریک می‌گویم!;;
82;grüßen ...;grüßen von + D;send greetings from;سلام رساندن از طرفِ;;Ich soll dich von Anna grüßen.;Anna sends her greetings to you.;آنا سلام می‌رساند.;;
83;halten ...;halten von + D;think of;نظر داشتن درباره;;Was hältst du von meinem Vorschlag?;What do you think of my suggestion?;نظر شما درباره پیشنهاد من چیست؟;;
84;handeln ...;handeln mit + D;deal in;در تجارت چیزی بودن;;Die Firma handelt mit wertvollen Teppichen;The company trades in valuable carpets.;شرکت در تجارت فرش‌های ارزشمند است.;Die Firma handelt ... wertvollen Teppichen;
85;handeln ...;handeln von + D;deal with;سر و کار داشتن با / در موردِ;;Das Buch handelt von einem Zoo.;The book deals with a zoo.;کتاب در مورد یک باغ وحش است.;Das Buch handelt ... einem Zoo.;
86;hängen ...;hängen an + D;be attached to;دلبسته بودن به;;Pia hängt sehr an ihrer Katze.;Pia is very attached to her cat.;پیا به گربه‌اش خیلی دلبسته است.;;
87;helfen ...;helfen bei + D;help with;کمک کردن در;;Hilfst du uns bei der Gartenarbeit?;Will you help us with the gardening?;آیا شما به ما در باغبانی کمک خواهید کرد؟;;
88;herrschen ...;herrschen über + A;rule over;حکومت کردن بر;;Der König herrscht über sein Volk.;The king rules over his people.;پادشاه بر مردمش حکومت می‌کند.;;
89;hindern ...;hindern an + D;prevent from;ممانعت کردن از;;Er wurde an der Flucht gehindert.;He was prevented from escaping.;از فرار او ممانعت شد.;;
90;hinweisen ...;hinweisen auf + A;point out;اشاره کردن به;;Darf ich Sie auf einen Fehler hinweisen?;May I point out a mistake?;اجازه دارم به اشتباهی اشاره کنم؟;;
91;hoffen ...;hoffen auf + A;hope for;امید داشتن به;;Die Studenten hoffen auf bessere Zeiten.;The students hope for better times.;دانشجویان امید به زمان‌های بهتری دارند.;;
92;hören ...;hören auf + A;listen to;گوش کردن به;;Die Kinder hören nicht auf ihre Eltern.;The children do not listen to their parents.;بچه‌ها به والدین خود گوش نمی‌دهند.;;
93;kämpfen ...;kämpfen für + A;fight for;مبارزه کردن برای;;Die Arbeiter kämpfen für einen höheren Lohn.;The workers are fighting for a higher wage.;کارگران برای دستمزد بالاتر می‌جنگند.;Die Arbeiter kämpfen ... einen höheren Lohn.;
94;kämpfen ...;kämpfen um + A;fight over;مبارزه کردن برای (درباره);;Er kämpft um sein Leben.;He is fighting for his life.;او برای زندگی‌اش می‌جنگد.;Er kämpft ... sein Leben.;
95;kennen ...;kennen als + A;know as;شناختن به عنوان;;Wir kennen ihn als klugen Mann.;We know him as a smart man.;ما او را به عنوان مردی باهوش می‌شناسیم.;;
96;klagen ...;klagen über + A;complain about;شکایت کردن از;;Alle klagen über den Winter.;Everyone complains about the winter.;همه از زمستان شکایت می‌کنند.;;
97;klingeln ...;klingeln an + D;ring at;زنگ زدن به;;Ich klingele an der Tür.;I ring the doorbell.;من زنگ در را می‌زنم.;;
98;klopfen ...;klopfen an + A;knock on;در زدن به;;Er klopft an das Fenster.;He knocks on the window.;او به پنجره می‌کوبد.;;
99;kommen ...;kommen zu + D;come to;رسیدن به;;Ich komme vor lauter Arbeit nicht mehr zum Lesen.;I'm too busy to read.;به خاطر کار زیاد دیگر وقت خواندن ندارم.;Ich komme vor lauter Arbeit nicht mehr ... Lesen.;
100;kommen ...;kommen auf + A;come up with;به نتیجه رسیدن;;Ich komme nicht auf die Lösung.;I can't come up with the solution.;من به راه حل نمی‌رسم.;Ich komme nicht ... die Lösung.;
101;lachen ...;lachen über + A;laugh about;خندیدن به;;Warum lacht ihr über ihn?;Why are you laughing at him?;چرا به او می‌خندی؟;;
102;leben ...;leben für + A;live for;زندگی کردن برای;;Johanna lebt nur für ihre Musik.;Johanna only lives for her music.;جوهانا تنها برای موسیقی‌اش زندگی می‌کند.;Johanna lebt nur ... ihre Musik.;
103;leben ...;leben von + D;live on;زندگی کردن با;;Von Luft und Liebe allein kann man nicht leben.;One cannot live on love and fresh air alone.;تنها با هوا و عشق نمی‌توان زندگی کرد.;... Luft und Liebe allein kann man nicht leben.;
104;leiden ...;leiden an + D;suffer from;رنج بردن از;;Viele Leute leiden an Übergewicht.;Many people suffer from obesity.;بسیاری از مردم از چاقی رنج می‌برند.;Viele Leute leiden ... Übergewicht.;
105;leiden ...;leiden unter + D;suffer under;تحت فشار بودن;;Margot leidet unter ihrer Schwiegermutter.;Margot suffers under her mother-in-law.;مارگوت از سوی مادر شوهرش تحت فشار است.;Margot leidet ... ihrer Schwiegermutter.;
106;liefern ...;liefern an + A;deliver to;تحویل دادن به;;Die Ware wurde gestern an den Kunden geliefert.;The goods were delivered to the customer yesterday.;کالا دیروز به مشتری تحویل داده شد.;;
107;liegen ...;liegen an + D;lie on;بستگی داشتن به;;Meine Müdigkeit liegt sicher am Wetter.;My tiredness is probably due to the weather.;خستگی من حتماً به خاطر هواست.;;
108;meinen ...;meinen zu + D;think about;نظر داشتن درباره;;Was meinst du zum neuen Direktor?;What do you think of the new director?;نظرت در مورد مدیر جدید چیست؟;;
109;nachdenken ...;nachdenken über + A;think about;فکر کردن درباره;;Petra denkt über ihr Leben nach.;Petra is thinking about her life.;پترا در مورد زندگی‌اش فکر می‌کند.;;
110;passen ...;passen zu + D;match with;جور بودن با;;Dieses Hemd passt nicht zu deiner Hose.;This shirt doesn't match your pants.;این پیراهن با شلوارت جور نیست.;;
111;protestieren ...;protestieren gegen + A;protest against;اعتراض کردن علیه;;Die Demonstranten protestieren gegen die Politik.;The protesters are demonstrating against the government.;معترضان علیه سیاست‌ها دست به تظاهرات زده‌اند.;;
112;reagieren ...;reagieren auf + A;react to;واکنش نشان دادن به;;Auf Nüsse reagiere ich allergisch.;I am allergic to nuts.;به آجیل حساسیت دارم.;;
113;rechnen ...;rechnen mit + D;count on;حساب کردن روی;;Die Firma rechnet nicht mit einem hohen Gewinn.;The company isn't counting on a high profit.;شرکت روی سود زیادی حساب نمی‌کند.;;
114;reden …;reden über + A;talk about;صحبت در مورد;;Wir reden über den neuen Film.;We talk about the new movie.;ما در مورد فیلم جدید صحبت می‌کنیم.;Wir reden ... den neuen Film.;
115;reden …;reden mit + D;talk with;صحبت با;;Ich rede mit meiner Mutter am Telefon.;I talk with my mother on the phone.;من با مادرم تلفنی صحبت می‌کنم.;Ich rede ... meiner Mutter am Telefon.;
116;reden …;reden von + D;talk of;صحبت از;;Sie redet oft von ihren Reisen.;She often talks about her travels.;او اغلب درباره سفرهایش صحبت می‌کند.;Sie redet oft ... ihren Reisen.;
117;regieren ...;regieren über + A;govern over;حکومت کردن بر;;Die Ölkonzerne regieren über den Ölmarkt.;The oil companies govern the oil market.;شرکت‌های نفتی بر بازار نفت حکومت می‌کنند.;;
118;retten ...;retten aus + D;rescue from;نجات دادن از;;Die Feuerwehr rettete die Menschen aus dem brennenden Gebäude.;The firefighters rescued the people from the burning building.;آتش‌نشان‌ها مردم را از ساختمان در حال سوختن نجات دادند.;;
119;riechen ...;riechen nach + D;smell like;بوی چیزی آمدن;;Hier riecht es nach leckerem Essen!;It smells like delicious food here!;اینجا بوی غذای خوشمزه می‌آید!;;
120;rufen ...;rufen um + A;call for;صدا زدن برای;;Berta hat um Hilfe gerufen.;Berta called for help.;برتا برای کمک صدا زد.;;
121;sagen ...;sagen über + A;say about;گفتن درباره;;Was hat er über mich gesagt?;What did he say about me?;او در مورد من چه گفت؟;Was hat er ... mich gesagt?;
122;sagen ...;sagen zu + D;comment on;نظر دادن درباره;;Was sagst du zu meinem neuen Projekt?;What do you say about my new project?;نظر تو درباره پروژه جدید من چیست؟;Was sagst du ... meinem neuen Projekt?;
123;sammeln ...;sammeln für + A;collect for;جمع‌آوری برای;;Wir sammeln Geld für die Renovierung der Schule.;We are collecting money for the renovation of the school.;ما برای بازسازی مدرسه پول جمع‌آوری می‌کنیم.;;
124;schalten ...;schalten auf + A;switch to;تغییر دادن به;;Er schaltet auf einen anderen Fernsehsender.;He switches to another TV channel.;او به کانال تلویزیونی دیگری تغییر می‌دهد.;;
125;schicken ...;schicken an + A;send to;فرستادن به;;Schickst du das Paket an deinen Bruder?;Are you sending the package to your brother?;آیا بسته را برای برادرتان ارسال می‌کنید؟;;
126;schießen ...;schießen auf + A;shoot at;شلیک کردن به;;Der Diktator lässt auf sein Volk schießen.;The dictator is having his people shot at.;دیکتاتور دستور شلیک به مردمش را می‌دهد.;;
127;schimpfen ...;schimpfen über + A;complain about;شکایت کردن از;;Viele schimpfen über die Politiker.;Many complain about the politicians.;بسیاری از دست سیاستمداران شکایت دارند.;;
128;schließen ...;schließen aus + D;conclude from;نتیجه گیری کردن از;;Aus deinem Verhalten schließe ich, dass du schuld bist.;From your behavior, I conclude that you are guilty.;از رفتار شما نتیجه می‌گیرم که شما مقصر هستید.;;
129;schmecken ...;schmecken nach + D;taste like;طعم داشتن مثل;;Der Tee schmeckt nach einem Gewürz.;The tea tastes like a spice.;چای مزه‌ای مانند ادویه دارد.;;
130;schützen ...;schützen gegen + A;protect against;محافظت کردن در برابر;;Diese Impfung schützt gegen Grippe.;This vaccination protects against the flu.;این واکسن از آنفلوانزا محافظت می‌کند.;Diese Impfung schützt ... Grippe.;
131;schützen ...;schützen vor + D;protect from;محافظت از;;Wie kann man sein Geld vor der Inflation schützen?;How can one protect their money from inflation?;چگونه می‌توان از پول در برابر تورم محافظت کرد؟;Wie kann man sein Geld ... der Inflation schützen?;
132;schweigen ...;schweigen zu + D;remain silent about;سکوت کردن درباره;;Der Angeklagte schweigt zu allen Punkten.;The defendant remains silent on all points.;متهم در مورد همه نکات سکوت اختیار کرده است.;;
133;sehen ...;sehen nach + D;check on;بررسی کردن;;Siehst du bitte mal nach den Kindern?;Could you please check on the children?;لطفاً می‌توانید به بچه‌ها سر بزنید؟;;
134;sich amüsieren ...;sich amüsieren über + A;amuse oneself at;خود را سرگرم کردن با;;Max amüsiert sich über den Film.;Max is amused by the movie.;مکس از فیلم سرگرم شده است.;;
135;sich ängstigen ...;sich ängstigen um + A;be anxious about;نگرانی داشتن برای;;Ich ängstige mich um meinen Sohn.;I am worried about my son.;من نگران پسرم هستم.;;
136;sich anmelden …;sich anmelden bei + D;register at;ثبت نام کردن در نزد شخص یا مکانی;;Er hat sich bei der Volkshochschule angemeldet.;He has registered at the adult education center.;او در مرکز آموزش بزرگسالان ثبت نام کرده است.;Er hat sich ... der Volkshochschule angemeldet.;
137;sich anmelden …;sich anmelden auf + A;register on;ثبت نام در;;Ich melde mich auf der Website an.;I am registering on the website.;من در وب‌سایت ثبت‌نام کرده‌ام.;Ich melde mich ... der Website an.;
138;sich anmelden …;sich anmelden für + A;register for;ثبت نام برای;;Hast du dich schon für den Kurs angemeldet?;Have you already registered for the course?;آیا تو هم برای دوره ثبت‌نام کرده‌ای؟;Hast du dich schon ... den Kurs angemeldet?;
139;sich ärgern ...;sich ärgern über + A;be annoyed about;ناراحت بودن از;;Über wen ärgerst du dich denn so?;Who are you so upset about?;از کی ناراحت هستی؟;;
140;sich aufregen ...;sich aufregen über + A;get upset about;عصبانی شدن از;;Er regt sich über die Verspätung auf.;He gets upset about the delay.;او از تأخیر عصبانی می‌شود.;;
141;sich auskennen ...;sich auskennen mit + D;be knowledgeable about;آشنایی خوبی داشتن با;;Beate kennt sich mit guten Weinen aus.;Beate is knowledgeable about good wines.;بئاته با شراب‌های خوب آشنا است.;;
142;sich ausruhen ...;sich ausruhen auf + D;rest on;استراحت کردن روی;;Er ruht sich auf dem Sofa aus.;He is resting on the sofa.;او روی مبل استراحت می‌کند.;Er ruht sich ... dem Sofa aus.;
143;sich ausruhen ...;sich ausruhen von + D;rest from;استراحت از;;Ich ruhe mich von der Arbeit aus.;I am resting from work.;من از کار استراحت می‌کنم.;Ich ruhe mich ... der Arbeit aus.;
144;sich aussprechen ...;sich aussprechen für + A;advocate for;طرفداری کردن از;;Der Politiker spricht sich für Reformen aus.;The politician advocates for reforms.;سیاستمدار از اصلاحات طرفداری می‌کند.;;
145;sich bedanken ...;sich bedanken für + A;thank for;تشکر کردن برای;;Ich möchte mich für Ihre Hilfe bedanken.;I would like to thank you for your help.;من می‌خواهم برای کمک شما تشکر کنم.;Ich möchte mich ... Ihre Hilfe bedanken.;
146;sich bedanken ...;sich bedanken bei + D;thank at;تشکر از;;Leo, bedank dich bei dem Mann!;Leo, thank the man!;لئو، از آن آقا تشکر کن!;Leo, bedank dich ... dem Mann!;
147;sich beeilen …;sich beeilen mit + D;hurry with;عجله کردن با;;Wir müssen uns mit dem Projekt beeilen.;We need to hurry with the project.; ما باید برای این پروژه عجله کنیم.;;
148;sich befreien ...;sich befreien von + D;free oneself from;رها شدن از;;Er hat sich von seinen Sorgen befreit.;He has freed himself from his worries.;او خودش را از نگرانی‌ها آزاد کرده است.;;
149;sich begeistern ...;sich begeistern für + A;be enthusiastic about;هیجان‌زده شدن برای;;Junge Menschen begeistern sich oft für neue Technologien.;Young people often get enthusiastic about new technologies.;جوانان اغلب برای تکنولوژی‌های جدید هیجان‌زده می‌شوند.;;
150;sich bekennen ...;sich bekennen zu + D;admit to;اعتراف کردن به;;Er bekennt sich zu seinen Fehlern.;He confesses to his lover.;او به اشتباهاتش اعتراف می‌کند.;;
151;sich beklagen ...;sich beklagen bei + D;complain to;شکایت کردن نزد کسی یا جایی;;Er beklagt sich bei seinem Lehrer.;He complains to his teacher.;او به معلم خود شکایت می‌کند.;Er beklagt sich ... seinem Lehrer.;
152;sich beklagen ...;sich beklagen über + A;complain about;شکایت از چیزی;;Eva beklagt sich über den Lärm.;Eva complains about the noise.;اوا از سر و صدا شکایت دارد.;Eva beklagt sich ... den Lärm.;
153;sich bemühen ...;sich bemühen um + A;make an effort for;تلاش کردن برای;;Er hat sich um ein Stipendium bemüht.;He makes an effort for a scholarship.;او برای بورسیه تلاش کرده است.;;
154;sich beraten ...;sich beraten mit + D;consult with;مشورت کردن با;;Die Politiker haben sich mit einem Experten beraten.;The politicians have consulted with an expert.;سیاستمداران با یک متخصص مشورت کردند.;;
155;sich beschäftigen ...;sich beschäftigen mit + D;be busy with;مشغول بودن به;;Ich war mit meiner Arbeit sehr beschäftigt.;I was very busy with my work.;من به شدت مشغول کارم بودم.;;
156;sich beschränken ...;sich beschränken auf + A;limit oneself to;محدود شدن به;;Mark beschränkt sich auf ein Glas Wein pro Woche.;Mark limits himself to one glass of wine per week.;مارک خودش را به یک لیوان شراب در هفته محدود کرده است.;;
157;sich beschweren ...;sich beschweren bei + D;complain to;شکایت کردن به;;Beschwer dich doch bei deinen Nachbarn!;Go complain to your neighbors!;به همسایه‌هایت شکایت کن!;Beschwer dich doch ... deinen Nachbarn!;
158;sich beschweren ...;sich beschweren über + A;complain about;شکایت از;;Du beschwerst dich ohne Grund über deinen Mann.;You complain about your husband without reason.;تو بی‌دلیل از همسرت شکایت می‌کنی.;Du beschwerst dich ohne Grund ... deinen Mann.;
159;sich beteiligen ...;sich beteiligen an + D;participate in;مشارکت کردن در;;Die Studenten beteiligen sich an der Diskussion.;The students participate in the discussion.;دانشجویان در بحث شرکت می‌کنند.;;
160;sich bewerben ...;sich bewerben bei + D;apply at;درخواست دادن به;;Ines bewirbt sich bei einem Reisebüro.;Ines is applying at a travel agency.;اینس نزد یک آژانس مسافرتی درخواست داده است.;Ines bewirbt sich ... einem Reisebüro.;
161;sich bewerben ...;sich bewerben um + D;apply for;درخواست برای;;Sie bewirbt sich um einen Job im Marketing.;She is applying for a job in marketing.;او برای یک شغل در بازاریابی درخواست داده است.;Sie bewirbt sich ... einen Job im Marketing.;
162;sich beziehen ...;sich beziehen auf + A;refer to;ارجاع دادن به;;Dieses Kapitel bezieht sich auf historische Ereignisse.;This chapter refers to historical events.;این فصل به رویدادهای تاریخی ارجاع می‌دهد.;;
163;sich drehen ...;sich drehen um + A;revolve around;حول محور چیزی چرخیدن;;Alles dreht sich um die bevorstehende Wahl.;Everything revolves around the upcoming election.;همه چیز حول محور انتخابات پیش رو می‌چرخد.;;
164;sich eignen ...;sich eignen als + N;be suitable as;مناسب بودن به عنوان;;Soja eignet sich als Fleisch-Ersatz.;Soy is suitable as a meat substitute.;سویا به عنوان جایگزین گوشت مناسب است.;;
165;sich einigen ...;sich einigen auf + A;agree on;توافق کردن بر;;Wir haben uns auf einen Termin geeinigt.;We have agreed on a date;ما بر روی یک تاریخ توافق کردیم.;Wir haben uns ... einen Termin geeinigt.;
166;sich einigen ...;sich einigen mit + D;agree with;توافق با;;Er einigte sich mit seinem Bruder.;He reached an agreement with his brother.;او با برادرش به توافق رسید.;Er einigte sich ... seinem Bruder.;
167;sich einlassen ...;sich einlassen auf + A;get involved with;دخیل شدن در;;Sie lässt sich auf ein neues Projekt ein.;She gets involved with a new project.;او در یک پروژه جدید دخیل می‌شود.;;
168;sich einsetzen ...;sich einsetzen für + A;advocate for, campaign for;کمپین کردن برای;;Jürgen setzt sich für den Umweltschutz ein.;Jürgen advocates for environmental protection.;یورگن برای حفاظت از محیط زیست کمپین می‌کند.;;
169;sich ekeln ...;sich ekeln vor + D;be disgusted by;تنفر داشتن از;;Sie ekelt sich vor Spinnen.;She is disgusted by spiders.;او از عنکبوت‌ها نفرت دارد.;;
170;sich engagieren …;sich engagieren für + A;engage in;فعالیت کردن در;;Sie engagiert sich für soziale Gerechtigkeit.;She engages in social justice.;او در زمینه عدالت اجتماعی فعالیت می‌کند.;;
171;sich entscheiden ...;sich entscheiden für + A;decide on;تصمیم گرفتن;;Er hat sich für das Studium der Medizin entschieden.;He has decided to study medicine.;او تصمیم گرفته است که پزشکی بخواند.;;
172;sich entschließen ...;sich entschließen zu + D;decide to;تصمیم گرفتن به;;Vorher hat er sich zur Kündigung entschlossen.;He previously decided to resign.;او قبلاً تصمیم به استعفا گرفته بود.;;
173;sich entschuldigen …;sich entschuldigen bei + D;apologize to;عذرخواهی کردن از;;Ich entschuldige mich bei dir.;I apologize to you.;من از تو عذرخواهی می‌کنم.;Ich entschuldige mich ... dir.;
174;sich entschuldigen …;sich entschuldigen für + A;apologize for;عذرخواهی برای;;Ich möchte mich für meinen Fehler entschuldigen.;I would like to apologize for my mistake.;می‌خواهم برای اشتباهم عذرخواهی کنم.;Ich möchte mich ... meinen Fehler entschuldigen.;
175;sich entwickeln ...;sich entwickeln zu + D;develop into;تبدیل شدن به;;Er hat sich zu einem ausgezeichneten Musiker entwickelt.;He has developed into an excellent musician.;او به یک موزیسین عالی تبدیل شده است.;;
176;sich erholen ...;sich erholen von + D;recover from;بهبود یافتن از;;Jetzt muss ich mich von dem Stress erholen.;Now I must recover from the stress.;حالا باید از استرس بهبود پیدا کنم.;;
177;sich erinnern ...;sich erinnern an + A;remember;به یاد داشتن;;Erinnerst du dich an unseren Urlaub?;Do you remember our vacation?;آیا تعطیلات ما را به یاد داری؟;;
178;sich erkundigen ...;sich erkundigen bei + D;inquire at;جویا شدن از;;Andi hat sich bei mir nach dir erkundigt.;Andi asked me about you.;آندی از من در مورد تو جویا شده است.;;
179;sich ernähren ...;sich ernähren von + D;feed on;تغذیه شدن از;;Pandas ernähren sich hauptsächlich von Bambus.;Pandas mainly feed on bamboo.;پانداها عمدتاً از بامبو تغذیه می‌کنند.;;
180;sich etwas vorstellen …;sich etwas vorstellen unter + D;imagine something as;تصور داشتن از;;Was stellst du dir unter einem perfekten Urlaub vor?;What do you imagine as a perfect vacation?;تو از یک تعطیلات ایده‌آل چه تصوری داری؟;;
181;sich freuen …;sich freuen über + A;be happy about;خوشحالی از;;Ich habe mich über deinen Brief gefreut.;I was happy about your letter.;از نامه‌ات خوشحال شدم.;;
182;sich freuen … ;sich freuen auf + A;look forward to;چشم‌انتظار بودن;;Ich freue mich auf die Reise!;I am looking forward to the trip!;من چشم انتظار سفر هستم!;;
183;sich fürchten ...;sich fürchten vor + D;be afraid of;ترسیدن از;;David fürchtet sich vor seiner Kollegin.;David is afraid of his colleague.;دیوید از همکارش می‌ترسد.;;
184;sich gewöhnen ...;sich gewöhnen an + A;get used to;عادت کردن به;;Du musst dich an diese Situation gewöhnen.;You must get used to this situation.;شما باید به این شرایط عادت کنید.;;
185;sich halten ...;sich halten für + A;consider oneself as;تصور کردن خود به عنوان;;Er hält sich für einen Experten.;He considers himself an expert.;او خودش را یک کارشناس می‌داند.;;
186;sich handeln ...;sich handeln um + A;be about;دربارهٔ چیزی بودن;;Es handelt sich um ein Missverständnis.;It is about a misunderstanding.;این درباره یک سوءتفاهم است.;;
187;sich informieren …;sich informieren über + A;inform about;مطلع شدن دربارهٔ;;Wir sind über den Unfall informiert.;We are informed about the accident.;ما در مورد تصادف مطلع شدیم.;Wir sind ... den Unfall informiert.;
188;sich informieren …;sich informieren bei + D;inform at;مطلع شدن از طریق;;Ich informiere mich bei der Rezeption.;I get information from the reception.;من از پذیرش اطلاعات می‌گیرم.;Ich informiere mich ... der Rezeption.;
189;sich interessieren ...;sich interessieren für + A;be interested in;علاقه‌مند بودن به;;Mein Sohn interessiert sich für deinen Wagen.;My son is interested in your car.;پسرم به ماشین شما علاقه‌مند است.;;
190;sich irren ...;sich irren in + D;be mistaken about;اشتباه کردن دربارهٔ;;Ich habe mich in ihm geirrt.;I was mistaken about him.;من در مورد او اشتباه کردم.;;
191;sich konzentrieren ...;sich konzentrieren auf + A;focus on;تمرکز کردن بر;;Konzentrier dich auf das Wichtige!;Focus on what's important!;روی چیزهای مهم تمرکز کن!;;
192;sich kümmern ...;sich kümmern um + A;take care of;مراقبت کردن از;;Peter kümmert sich um seine Mutter.;Peter is taking care of his mother.;پیتر از مادرش مراقبت می‌کند.;;
193;sich melden ...;sich melden bei + D;report to;گزارش دادن به;;Er meldet sich bei seinem Chef.;He reports to his boss.;او به رئیسش گزارش می‌دهد.;;
194;sich orientieren ...;sich orientieren an + D;orientate at;هماهنگ کردن با;;Bea orientiert sich an ihrer Schwester.;Bea is orienting herself with her sister.;بیا خودش را با خواهرش هماهنگ می‌کند.;;
195;sich rächen ...;sich rächen für + A;take revenge for;انتقام گرفتن برای;;Die Gruppe rächte sich für den Angriff.;The group took revenge for the attack.;گروه برای حمله انتقام گرفت.;Die Gruppe rächte sich ... den Angriff.;
196;sich rächen ...;sich rächen an + D;take revenge on;انتقام گرفتن از;;Die Gruppe rächte sich an der Regierung.;The group took revenge on the government.;گروه از دولت انتقام گرفت.;Die Gruppe rächte sich ... der Regierung.;
197;sich schämen ...;sich schämen für + A;be ashamed of;شرمنده بودن برای;;Er schämt sich für seine Worte im Interview.;He is ashamed of his words in the interview.;او از حرف‌هایش در مصاحبه شرمنده است.;;
198;sich scheiden lassen ...;sich scheiden lassen von + D;get divorced from;طلاق گرفتن از;;Sie lässt sich von ihrem Mann scheiden.;She is getting divorced from her husband.;او از شوهرش طلاق می‌گیرد.;;
199;sich sehnen ...;sich sehnen nach + D;long for;اشتیاق داشتن به;;Er sehnt sich nach Frieden in der Welt.;He longs for peace in the world.;او مشتاق صلح در جهان است.;;
200;sich sorgen ...;sich sorgen um + A;worry about;نگرانی داشتن برای;;Die Großmutter sorgt sich um mich.;The grandmother worries about me.;مادربزرگم نگران من است.;;
201;sich streiten …;sich streiten mit + D;argue with;دعوا کردن با;;Er streitet sich oft mit seinem Bruder.;He often argues with his brother.;او اغلب با برادرش دعوا می‌کند.;Er streitet sich oft ... seinem Bruder.;
202;sich streiten …;sich streiten über + A;argue about;دعوا کردن در مورد;;Die Nachbarn stritten sich über den Lärm.;The neighbors argued about the noise.;همسایه‌ها درباره سر و صدا دعوا کردند.;Die Nachbarn stritten sich ... den Lärm.;
203;sich treffen ...;sich treffen mit + D;meet with;ملاقات کردن با;;Ich treffe mich morgen mit meiner Freundin.;I am meeting with my girld friend tomorrow.;من فردا با دوست‌دخترم ملاقات می‌کنم.;;
204;sich trennen ...;sich trennen von + D;separate from;جدا شدن از;;Sie hat sich von ihrem Freund getrennt.;She has separated from her boyfriend.;او از دوست‌پسرش جدا شده است.;;
205;sich umdrehen ...;sich umdrehen nach + D;turn around after;رو برگرداندن به سمتِ;;Sie dreht sich nach dem Lärm um.;She turns around to look at the noise.;او به سمت صدا برمی‌گردد.;;
206;sich unterhalten …;sich unterhalten mit + D;chat with;گپ زدن با;;Gerd unterhält sich mit seiner Kollegin.;Gerd is talking with his colleague.;گرد با همکارش صحبت می‌کند.;Gerd unterhält sich ... seiner Kollegin.;
207;sich unterhalten …;sich unterhalten über + A;talk about;گفتگو در مورد;;Wir unterhalten uns über den Film.;We talk about the movie.;ما در مورد فیلم صحبت می‌کنیم.;Wir unterhalten uns ... den Film.;
208;sich unterscheiden ...;sich unterscheiden von + D;differ from;متفاوت بودن از;;Julia unterscheidet sich sehr von ihrer Schwester.;Julia is very different from her sister.;جولیا بسیار متفاوت از خواهرش است.;;
209;sich verabreden ...;sich verabreden mit + D;make an appointment with;قرار گذاشتن با;;Leon verabredet sich mit Maja.;Leon has made an appointment with Maja.;لئون با مایا قرار گذاشته است.;;
210;sich verabschieden ...;sich verabschieden von + D;say goodbye to;خداحافظی کردن از;;Darf ich mich von Ihnen verabschieden?;May I say goodbye to you?;آیا می‌توانم از شما خداحافظی کنم؟;;
211;sich verändern ...;sich verändern zu + D;change into;تغییر کردن به;;Das Wetter verändert sich zu einem Sturm.;The weather is changing into a storm.;هوا به یک هوای طوفانی تغییر می‌کند.;;
212;sich verlassen ...;sich verlassen auf + A;rely on;اتکا کردن به;;Auf meine Freundin kann ich mich immer verlassen.;I can always rely on my girlfriend.;همیشه می‌توانم به دوست دخترم تکیه کنم.;;
213;sich verlieben …;sich verlieben in + A;fall in love with;عاشق شدن به;;Birgit hat sich in meinen Bruder verliebt.;Birgit has fallen in love with my brother.;بیرگیت عاشق برادرم شده است.;;
214;sich verloben ...;sich verloben mit + D;get engaged with;نامزد کردن با;;Sie will sich bald mit ihm verloben.;She wants to get engaged to him soon.;او به زودی قصد دارد با او نامزد کند.;;
215;sich versöhnen ...;sich versöhnen mit + D;reconcile with;آشتی کردن با;;Versöhn dich doch mit deiner Familie!;Reconcile with your family!;با خانواده‌ات آشتی کن!;;
216;sich verstecken ...;sich verstecken vor + D;hide from;پنهان شدن از;;Warum versteckst du dich vor mir?;Why are you hiding from me?;چرا از من پنهان می‌شوی؟;;
217;sich verstehen ...;sich verstehen mit + D;get along with;کنار آمدن با;;Wie verstehst du dich mit deinen Eltern?;How do you get along with your parents?;چطور با والدینت کنار می‌آیی؟;;
218;sich verteidigen ...;sich verteidigen gegen + A;defend against;دفاع کردن در برابر;;Er verteidigt sich gegen die Vorwürfe.;He is defending himself against the accusations.;او در برابر اتهامات دفاع می‌کند.;;
219;sich vertragen ...;sich vertragen mit + D;get along with;سازگاری داشتن با;;Die Länder vertragen sich mit ihren Nachbarn.;The countries get along with their neighbors.;کشورها با همسایگان خود سازگاری دارند.;;
220;sich vorbereiten ...;sich vorbereiten auf + A;prepare for;آماده شدن برای;;Hast du dich auf deine Prüfung gut vorbereitet?;Have you prepared well for your exam?;آیا برای امتحانت خوب آماده شده‌ای؟;;
221;sich wehren ...;sich wehren gegen + A;defend against;مقاومت کردن در برابر;;Du musst dich gegen diese Ungerechtigkeit wehren.;You must defend yourself against this injustice.;شما باید در برابر این بی‌عدالتی دفاع کنید.;;
222;sich wundern ...;sich wundern über + A;wonder about;تعجب کردن از;;Die Reporter wundern sich über die schnelle Entscheidung des Gerichts.;The reporters are surprised by the court's swift decision.;خبرنگاران از تصمیم سریع دادگاه شگفت‌زده شده‌اند.;;
223;siegen ...;siegen über + A;triumph over;پیروزی یافتن بر;;Das Team siegte über den Gegner im Finale.;The team triumphed over the opponent in the final.;تیم در فینال بر حریف پیروز شد.;;
224;sorgen ...;sorgen für + A;care for;مراقبت کردن از;;Anna muss allein für ihren Sohn sorgen.;Anna must take care of her son alone.;آنا باید به تنهایی از پسرش مراقبت کند.;;
225;sparen ...;sparen für + A;save for;پس‌انداز کردن برای;;Wir sparen für eine lange Weltreise.;We are saving for a long world trip.;ما برای سفر طولانی به دور دنیا پس‌انداز می‌کنیم.;;
226;spielen ...;spielen um + A;play for;بازی کردن برای;;Das Team spielt um den dritten Platz.;The team is playing for third place.;تیم برای کسب مقام سوم بازی می‌کند.;;
227;sprechen …;sprechen mit + D;talk to;صحبت کردن با;;Wann sprichst du mit deiner Schwester?;When will you talk to your sister?;کی با خواهرت صحبت خواهی کرد؟;Wann sprichst du ... deiner Schwester?;
228;sprechen …;sprechen über + A;talk about;صحبت در مورد;;Wir müssen über den Zeitplan sprechen;We need to talk about the schedule.;ما باید در مورد برنامه زمانی صحبت کنیم.;Wir müssen ... den Zeitplan sprechen;
229;sprechen …;sprechen von + D;talk of;صحبت از;;Nino hat von dir gesprochen.;Nino has talked about you.;نینو درباره تو صحبت کرده است.;Nino hat ... dir gesprochen.;
230;staunen ...;staunen über + A;be amazed at;شگفت‌زده شدن از;;Maxi staunt über die Tiere im Zoo.;Maxi is amazed at the animals in the zoo.;ماکسی از حیوانات در باغ وحش حیرت زده شده است.;;
231;sterben ...;sterben an + D;die of;مرگ بر اثر;;Viele Menschen sterben an der Krankheit.;Many people die of the disease.;بسیاری از مردم به خاطر بیماری می‌میرند.;;
232;stimmen ...;stimmen für + A;vote for;رأی دادن برای;;Die Bürger stimmen für die Reform.;The citizens vote for the reform.;شهروندان به نفع اصلاحات رأی می‌دهند.;;
233;stinken ...;stinken nach + D;smell of;بوی بد دادن مثل;;Hier stinkt es nach altem Fett.;It smells like old fat here.;اینجا بوی بد چربی کهنه می‌دهد.;;
234;stören ...;stören bei + D;disturb during;مزاحمت کردن در;;Bitte stör mich nicht bei dem Telefonat.;Please do not disturb me during the phone call.;لطفاً در طول تماس تلفنی مزاحم من نشوید.;;
235;streben ...;streben nach + D;strive for;با کوشش به دنبال چیزی بودن;;Viele Menschen streben nach Glück.;Many people strive for happiness.;بسیاری از مردم به دنبال خوشبختی هستند.;;
236;streiken ...;streiken für + A;strike for;اعتصاب کردن برای;;Die Arbeiter streiken für höhere Löhne.;The workers are striking for higher wages.;کارگران برای دستمزد بالاتر اعتصاب می‌کنند.;;
237;suchen ...;suchen nach + D;search for;جستجو کردن برای;;Alle suchen nach dem großen Glück.;Everyone is searching for great happiness.;همه به دنبال خوشبختی عظیم هستند.;;
238;tauschen ...;tauschen gegen + A;exchange for;مبادله کردن با;;Er tauscht sein altes Auto gegen ein neues.;He exchanges his old car for a new one.;او ماشین قدیمی‌اش را با یکی جدید معاوضه می‌کند.;;
239;teilen ...;teilen in + A;divide into;تقسیم کردن به;;Wir teilen den Kuchen in acht Stücke.;We divide the cake into eight pieces.;ما کیک را به هشت قسمت تقسیم می‌کنیم.;;
240;teilnehmen ...;teilnehmen an + D;participate in;شرکت کردن در;;Lena nimmt an dem Wettbewerb teil.;Lena participates in the competition.;لنا در مسابقه شرکت می‌کند.;;
241;telefonieren ...;telefonieren mit + D;talk on the phone with;با تلفن صحبت کردن;;Chrissy telefoniert mit ihrer besten Freundin.;Chrissy is talking on the phone with her best friend.;کریسی با بهترین دوستش در تلفن صحبت می‌کند.;;
242;trauern ...;trauern um + A;mourn for;عزاداری کردن برای;;Die Familie trauert um den verstorbenen Großvater.;The family mourns for the deceased grandfather.;خانواده برای پدربزرگ فوت شده‌شان عزاداری می‌کنند.;;
243;träumen ...;träumen von + D;dream of;رویا داشتن;;Viele träumen von einem Haus mit Garten.;Many dream of a house with a garden.;بسیاری رویای خانه‌ای با باغچه را دارند.;;
244;trinken ...;trinken auf + A;drink to;نوشیدن به;;Trinken wir auf dein Wohl!;Let's drink to your health!;به سلامتی شما بنوشیم!;;
245;überraschen ...;überraschen mit + D;surprise with;غافلگیر کردن با;;Er hat sie mit einem Geschenk überrascht.;He surprised her with a gift.;او او را با هدیه‌ای غافلگیر کرد.;;
246;überreden ...;überreden zu + D;persuade to;متقاعد کردن (از طریق تأثیرگذاری عاطفی یا فشار آوردن);;Ich habe ihn dazu überredet, mit uns zu kommen.;I persuaded him to come with us.;من او را متقاعد کردم که با ما بیاید.;;
247;übersetzen …;übersetzen aus + D;translate from;ترجمه کردن از;;Luther hat die Bibel aus dem Lateinischen übersetzt.;Luther translated the Bible from Latin.;لوتر کتاب مقدس را از لاتین ترجمه کرد.;Luther hat die Bibel ... dem Lateinischen übersetzt.;
248;übersetzen …;übersetzen in + A;translate into;ترجمه کردن به;;Das Buch wird in viele Sprachen übersetzt.;The book is translated into many languages.;این کتاب به زبان‌های زیادی ترجمه شده است.;Das Buch wird ... viele Sprachen übersetzt.;
249;übertragen … ;übertragen auf + A;transfer to;انتقال دادن به / منتقل کردن به;;Wir haben die Verantwortung auf ihn übertragen.;We transferred the responsibility to him.;ما مسئولیت را به او منتقل کردیم.;;
250;überweisen ...;überweisen auf + A;transfer to;انتقال دادن پول به;;Bitte überweisen Sie das Geld auf mein Konto.;Please transfer the money to my account.;لطفاً پول را به حساب من انتقال دهید.;;
251;überzeugen ...;überzeugen von + D;convince of;متقاعد کردن (از طریق استدلال و منطق);;Ich werde ihn von meiner Unschuld überzeugen.;I will convince him of my innocence.;من او را از بی‌گناهی خود متقاعد خواهم کرد.;;
252;unterrichten …;unterrichten in + D;teach;آموزش دادن در;;Sie unterrichtet Marion im Flamencotanzen.;She teaches Marion Flamenco dancing.;او به ماریون رقص فلامنکو یاد می‌دهد.;;
253;untersuchen ...;untersuchen auf + A;test for;آزمایش کردن برای;;Das Wasser wird auf Bakterien untersucht.;The water is being tested for bacteria.;آب برای باکتری‌ها آزمایش می‌شود.;;
254;verbinden ...;verbinden mit + D;connect with;وصل کردن به;;Können Sie mich mit Herrn Mayr verbinden?;Can you connect me with Mr. Mayr?;می‌توانید من را به آقای مایر وصل کنید؟;;
255;verdienen ...;verdienen mit + D;earn with;کسب درآمد از;;Sie verdient gut mit ihren Online-Kursen.;She earns well with her online courses.;او از دوره‌های آنلاینش خوب درآمد کسب می‌کند.;;
256;verfügen ...;verfügen über + A;have at one's disposal;در دست داشتن / در اختیار داشتن;;Die Stadt verfügt über neue Pläne zur Verbesserung der Verkehrsinfrastruktur.;The city has new plans to improve the traffic infrastructure.;شهر برنامه‌های جدیدی برای بهبود زیرساخت‌های ترافیکی در دست دارد.;;
257;vergleichen ...;vergleichen mit + D;compare with;مقایسه کردن با;;Soll man sich immer mit anderen vergleichen?;Should one always compare oneself with others?;آیا همیشه باید خود را با دیگران مقایسه کرد؟;;
258;verheimlichen ...;verheimlichen vor + D;conceal from;پنهان کردن از;;Der Politiker hat wichtige Informationen vor der Öffentlichkeit verheimlicht.;The politician concealed important information from the public.;سیاستمدار اطلاعات مهمی را از عموم مردم پنهان کرده است.;;
259;verklagen ...;verklagen auf + A;sue for;شکایت کردن برای;;Ich verklage ihn auf Schadenersatz.;I am suing him for damages.;من از او  برای خسارت شکایت می‌کنم.;;
260;verlangen ...;verlangen nach + D;demand for;درخواست کردن برای (تقاضا یا نیاز شدید به چیزی);;Sie verlangt nach mehr Freiheit in ihrer Arbeit.;She demands for more freedom in her work.;او خواستار آزادی بیشتر در کارش است.;;
261;verlängern ...;verlängern auf + A;extend to;تمدید کردن به;;Die Arbeitszeit wird auf sechs Wochentage verlängert.;The working hours are extended to six weekdays.;ساعات کاری به شش روز هفته افزایش یافته است.;;
262;vermieten ...;vermieten an + A;rent to;اجاره دادن به;;Julian vermietet die Wohnung an seinen Bruder.;Julian rents out the apartment to his brother.;جولیان آپارتمان را به برادرش اجاره می‌دهد.;;
263;veröffentlichen ...;veröffentlichen bei + D;publish at;انتشار دادن در;;Das Buch wird bei einem bekannten Verlag veröffentlicht.;The book is being published by a well-known publisher.;کتاب توسط ناشر معروفی منتشر می‌شود.;;
264;verraten ...;verraten an + A;betray to / reveal the secrets to;خیانت کردن به / فاش کردن راز;;Der Soldat wurde an den Feind verraten.;The soldier was betrayed to the enemy.;سرباز به دشمن خیانت کرد.;;
265;verschieben ...;verschieben auf + A;postpone to;به تعویق انداختن به;;Wir müssen den Termin auf kommenden Freitag verschieben.;We have to reschedule the appointment to next Friday.;ما باید قرارمان را به جمعه آینده تغییر دهیم.;;
266;versichern ...;versichern gegen + A;insure against;بیمه کردن در برابر;;Wir müssen das Haus gegen Feuer versichern.;We have to insure the house against fire.;ما باید خانه را در برابر آتش بیمه کنیم.;;
267;verstehen ...;verstehen von + D;understand about;درک کردن از;;Tom versteht nichts von Kindern, er hat keine.;Tom knows nothing about children, he doesn’t have any.;تام هیچ چیزی درباره بچه‌ها نمی‌داند، او بچه ندارد.;;
268;vertrauen ...;vertrauen auf + A;trust in;اعتماد کردن به;;Manchmal muss man auf die Hilfe von anderen vertrauen.;Sometimes you have to rely on the help of others.;گاهی اوقات باید به کمک دیگران تکیه کنید.;;
269;verurteilen ...;verurteilen zu + D;sentence to;محکوم کردن به;;Er wurde zu fünf Jahren Gefängnis verurteilt.;He was sentenced to five years in prison.;او به پنج سال زندان محکوم شد.;;
270;verwechseln ...;verwechseln mit + D;confuse with;اشتباه گرفتن با;;Ich glaube, sie verwechseln mich mit meiner Schwester.;I think you are mistaking me for my sister.;فکر می‌کنم شما من را با خواهرم اشتباه گرفته‌اید.;;
271;verwenden ...;verwenden als + A;use as;استفاده کردن به عنوان;;Sie verwenden das alte Gebäude als Museum.;They use the old building as a museum.;آن‌ها ساختمان قدیمی را به عنوان موزه استفاده می‌کنند.;;
272;verzichten ...;verzichten auf + A;renounce / waive;صرف نظر کردن از / چشم‌پوشی کردن از;;Ich habe auf Kaffee verzichtet, um besser schlafen zu können.;I renounce coffee to sleep better.;من برای خواب بهتر از قهوه چشم پوشی کردم.;;
273;wählen ...;wählen zu + D;elect as;انتخاب کردن به عنوان;;Sie wählten Ines zur Klassensprecherin.;They elected Ines as class representative.;آنها اینس را به عنوان نماینده کلاس انتخاب کردند.;;
274;warnen ...;warnen vor + D;warn of;هشدار دادن در مورد;;Die Meteorologen warnen vor starken Regenfällen.;Meteorologists are warning of heavy rainfall.;هواشناسان در مورد بارش شدید باران هشدار می‌دهند.;;
275;warten ...;warten auf + A;wait for;انتظار کشیدن برای;;Ich musste eine Stunde auf meinen Bruder warten.;I had to wait an hour for my brother.;من مجبور بودم یک ساعت منتظر برادرم بمانم.;Ich musste eine Stunde ... meinen Bruder warten.;
276;warten ...;warten mit + D;wait with;تأخیر انداختن اقدامی ضروری تا زمان مناسب;;Warte noch mit deiner Kündigung!;Wait with your resignation!;برای استعفا دادن صبر کن.;Warte noch ... deiner Kündigung!;
277;weinen ...;weinen über + A;cry over;گریه کردن برای;;Andi weinte sehr über den Tod seiner Mutter.;Andi cried a lot over the death of his mother.;آندی بر سر مرگ مادرش بسیار گریست.;;
278;weitergeben ...;weitergeben an + A;pass on to;انتقال دادن به;;Der Polizist gab die Information an die Presse weiter.;The police officer passed the information on to the press.;افسر پلیس اطلاعات را به مطبوعات منتقل کرد.;;
279;werben ...;werben für + A;advertise for;تبلیغ کردن برای;;Die Firma wirbt für ihren neuen Computer.;The company is advertising their new computer.;شرکت در حال تبلیغ کامپیوتر جدید خود است.;;
280;werden ...;werden aus + D;become of;شدن از;;Was ist denn aus deiner Freundin Sandra geworden?;What has become of your friend Sandra?;اون دوستت ساندرا چه شد؟;Was ist denn ... deiner Freundin Sandra geworden?;
281;werden ...;werden zu + D;become;تبدیل شدن به;;Das kann noch zu einem Problem werden.;This can still become a problem.;این همچنان می‌تواند به یک مشکل تبدیل شود.;Das kann noch ... einem Problem werden.;
282;wetten ...;wetten um + A;bet for;شرط بندی کردن برای;;Ich wette mit dir um eine Flasche Wein, dass das stimmt!;I bet you a bottle of wine that it's true!;من با شما به یک بطری شراب شرط می‌بندم که حقیقت دارد!;;
283;wissen ...;wissen über + A;know about;دانستن در مورد;;Was weißt du über den Skandal?;What do you know about the scandal?;شما در مورد رسوایی چه می‌دانید؟;;
284;zahlen ...;zahlen für + A;pay for;پرداخت کردن برای;;Ich zahle für den Schaden.;I will pay for the damage.;من خسارت را پرداخت می‌کنم.;;
285;zählen ...;zählen auf + A;count on;حساب کردن بر;;Wir zählen auf dich!;We are counting on you!;ما روی شما حساب می‌کنیم!;;
286;zögern ...;zögern mit + D;hesitate with;تردید داشتن با;;Er zögert noch mit seiner Entscheidung.;He is still hesitating with his decision.;او هنوز در تصمیم‌گیری خود تردید دارد.;;
287;zufrieden sein ...;zufrieden sein mit + D;be satisfied with;رضایت داشتن از;;Mit meinem Leben bin ich sehr zufrieden.;I am very satisfied with my life.;من از زندگی‌ام بسیار راضی هستم.;;
288;zurechtkommen ...;zurechtkommen mit + D;cope with;کنار آمدن با;;Wie kommst du mit deiner neuen Kollegin zurecht?;How are you getting along with your new colleague?;شما چطور با همکار جدیدتان کنار می‌آیید؟;;
289;zusammenhängen ...;zusammenhängen mit + D;be related to;ارتباط داشتن با;;Sein Erfolg hängt eng mit seiner harten Arbeit zusammen.;His success is closely related to his hard work.;موفقیت او به شدت با کار سختش ارتباط دارد.;;
290;zusehen ...;zusehen bei + D;watch during;نگاه کردن در حین;;Siehst du mir heute beim Training zu?;Will you watch me during practice today?;امروز در حین تمرین به من نگاه می‌کنید؟;;
291;zweifeln ...;zweifeln an + D;doubt about;شک داشتن در مورد;;Ich zweifle an seiner Ehrlichkeit.;I doubt his honesty.;من به صداقت او شک دارم.;;
292;zwingen ...;zwingen zu + D;force to;مجبور کردن به;;Man kann niemanden zu seinem Glück zwingen.;You cannot force anyone to their happiness.;کسی را نمی‌توان به خوشبختی مجبور کرد.;;